account_id,account_name,expected_balance,actual_balance,variance
5,Bank Charges,-23378.05,-23092.68,285.369999999999
2,Accounts Payable,23405.91,23155.920000000002,-249.98999999999796
3,Revenue,-12702.82,-12468.630000000001,234.1899999999987
1,Cash,-19186.51,-18963.18,223.3299999999981
4,Salaries Expense,-22147.41,-22349.42,-202.0099999999984
